{
  "dataset_id": "6",
  "timestamp": "2026-06-19T00:03:24.203023",
  "status": "success",
  "metrics": {
    "accuracy": 0.6667,
    "f1_score": 0.6667,
    "train_size": 33,
    "test_size": 9,
    "classes": [
      "negative",
      "positive"
    ],
    "confusion_matrix": [
      [
        3,
        1
      ],
      [
        2,
        3
      ]
    ],
    "classification_report": {
      "negative": {
        "precision": 0.6,
        "recall": 0.75,
        "f1-score": 0.6666666666666666,
        "support": 4.0
      },
      "positive": {
        "precision": 0.75,
        "recall": 0.6,
        "f1-score": 0.6666666666666666,
        "support": 5.0
      },
      "accuracy": 0.6666666666666666,
      "macro avg": {
        "precision": 0.675,
        "recall": 0.675,
        "f1-score": 0.6666666666666666,
        "support": 9.0
      },
      "weighted avg": {
        "precision": 0.6833333333333333,
        "recall": 0.6666666666666666,
        "f1-score": 0.6666666666666666,
        "support": 9.0
      }
    }
  }
}